Workbook

Sheet Input
A1: MAT 08W/3UG ($k) | B1: 2027 | C1: 2028 | D1: 2029 | E1: 2030 | F1: Total
A2: Undergrounding | B2: 732425 | C2: 64765 | D2: 0 | E2: 0 | F2: =SUM(B2:E2) -> 797190
A3: Overhead | B3: 197282 | C3: 197487 | D3: 204130 | E3: 264630 | F3: =SUM(B3:E3) -> 863529
A4: Subtotal | B4: =SUM(B2:B3) -> 929707 | C4: =SUM(C2:C3) -> 262252 | D4: =SUM(D2:D3) -> 204130 | E4: =SUM(E2:E3) -> 264630 | F4: =SUM(B4:E4) -> 1660719

Sheet Adjustments
A1: MAT 08W/3UG ($k) | B1: 2027 | C1: 2028 | D1: 2029 | E1: 2030 | F1: Total | G1: Comment
A2: Step 1 | G2: 33% UG to OH
A3: Undergrounding | B3: =0.666*Input!B2 -> 487795.05 | C3: =0.666*Input!C2 -> 43133.49 | D3: =0.5*Input!D2 -> 0 | E3: =0.5*Input!E2 -> 0 | F3: =SUM(B3:E3) -> 530928.54
A4: Overhead | B4: =Input!B3+Input!B2-Adjustments!B3 -> 441911.95 | C4: =Input!C3+Input!C2-Adjustments!C3 -> 219118.51 | D4: =Input!D3+Input!D2-Adjustments!D3 -> 204130 | E4: =Input!E3+Input!E2-Adjustments!E3 -> 264630 | F4: =SUM(B4:E4) -> 1129790.5
A5: Subtotal | B5: =SUM(B3:B4) -> 929707 | C5: =SUM(C3:C4) -> 262252 | D5: =SUM(D3:D4) -> 204130 | E5: =SUM(E3:E4) -> 264630 | F5: =SUM(B5:E5) -> 1660719
A7: Step 2A | G7: For GRC
A8: Undergrounding | B8: =0.66*B3 -> 321944.73 | C8: =0.66*C3 -> 28468.103 | D8: =0.66*D3 -> 0 | E8: =0.66*E3 -> 0 | F8: =0.66*F3 -> 350412.84
A9: Overhead | B9: =0.66*B4 -> 291661.89 | C9: =0.66*C4 -> 144618.22 | D9: =0.66*D4 -> 134725.8 | E9: =0.66*E4 -> 174655.8 | F9: =0.66*F4 -> 745661.7
A10: Subtotal | B10: =0.66*B5 -> 613606.62 | C10: =0.66*C5 -> 173086.32 | D10: =0.66*D5 -> 134725.8 | E10: =0.66*E5 -> 174655.8 | F10: =0.66*F5 -> 1096074.5
A12: Step 2B | G12: Balancing Account
A13: Undergrounding | B13: =0.34*B3 -> 165850.32 | C13: =0.34*C3 -> 14665.387 | D13: =0.34*D3 -> 0 | E13: =0.34*E3 -> 0 | F13: =0.34*F3 -> 180515.7
A14: Overhead | B14: =0.34*B4 -> 150250.06 | C14: =0.34*C4 -> 74500.293 | D14: =0.34*D4 -> 69404.2 | E14: =0.34*E4 -> 89974.2 | F14: =0.34*F4 -> 384128.76
A15: Subtotal | B15: =0.34*B5 -> 316100.38 | C15: =0.34*C5 -> 89165.68 | D15: =0.34*D5 -> 69404.2 | E15: =0.34*E5 -> 89974.2 | F15: =0.34*F5 -> 564644.46
